[
  {
    "id": "c5cdac25-a8d2-4447-9b54-5a29d552da76",
    "data": [
      {
        "text": "ながい　かずき",
        "meta": "@sys.person",
        "alias": "childfurigana",
        "userDefined": false
      }
    ],
    "isTemplate": false,
    "count": 0,
    "lang": "ja",
    "updated": 0
  },
  {
    "id": "1a3d6baf-8f03-4d09-b7be-b02e5672774a",
    "data": [
      {
        "text": "かわかみ　たいが",
        "meta": "@sys.person",
        "alias": "childfurigana",
        "userDefined": false
      }
    ],
    "isTemplate": false,
    "count": 0,
    "lang": "ja",
    "updated": 0
  },
  {
    "id": "0be7c496-5cb6-42e4-b8a3-2f22f11923a9",
    "data": [
      {
        "text": "ほんだ　つばさ",
        "meta": "@sys.person",
        "alias": "childfurigana",
        "userDefined": false
      }
    ],
    "isTemplate": false,
    "count": 0,
    "lang": "ja",
    "updated": 0
  },
  {
    "id": "70d8f183-4505-416d-97b9-e180728c8a61",
    "data": [
      {
        "text": "さなだ　さくら",
        "meta": "@sys.person",
        "alias": "childfurigana",
        "userDefined": false
      }
    ],
    "isTemplate": false,
    "count": 0,
    "lang": "ja",
    "updated": 0
  },
  {
    "id": "01cc89cd-4b03-4da2-99d4-2ed4e0cafbf7",
    "data": [
      {
        "text": "さくらば　まもり",
        "meta": "@sys.person",
        "alias": "childfurigana",
        "userDefined": false
      }
    ],
    "isTemplate": false,
    "count": 0,
    "lang": "ja",
    "updated": 0
  },
  {
    "id": "c43fefc2-d5fd-4202-b3e6-8273859f5c69",
    "data": [
      {
        "text": "たかなし　りさ",
        "meta": "@sys.person",
        "alias": "childfurigana",
        "userDefined": false
      }
    ],
    "isTemplate": false,
    "count": 0,
    "lang": "ja",
    "updated": 0
  },
  {
    "id": "8a581fdf-fce8-43ad-863c-3714b4428d4c",
    "data": [
      {
        "text": "かさはら　いくみ",
        "meta": "@sys.person",
        "alias": "childfurigana",
        "userDefined": false
      }
    ],
    "isTemplate": false,
    "count": 0,
    "lang": "ja",
    "updated": 0
  },
  {
    "id": "ea2e51bc-6870-456f-9547-fe2bc31bb2bd",
    "data": [
      {
        "text": "たきざわ　たろう",
        "meta": "@sys.person",
        "alias": "childfurigana",
        "userDefined": false
      }
    ],
    "isTemplate": false,
    "count": 0,
    "lang": "ja",
    "updated": 0
  },
  {
    "id": "804d4fe9-7d36-488d-84fd-161adeb60bc1",
    "data": [
      {
        "text": "こんどう　いさみ",
        "meta": "@sys.person",
        "alias": "childfurigana",
        "userDefined": false
      }
    ],
    "isTemplate": false,
    "count": 0,
    "lang": "ja",
    "updated": 0
  },
  {
    "id": "dadf1ad4-2d7a-47a2-9085-dce9b0c4758e",
    "data": [
      {
        "text": "のぐち　まさこ",
        "meta": "@sys.person",
        "alias": "childfurigana",
        "userDefined": false
      }
    ],
    "isTemplate": false,
    "count": 0,
    "lang": "ja",
    "updated": 0
  },
  {
    "id": "755e3c48-9280-44f4-b72e-05eebe9d4f69",
    "data": [
      {
        "text": "やました　そうた",
        "meta": "@sys.person",
        "alias": "childfurigana",
        "userDefined": false
      }
    ],
    "isTemplate": false,
    "count": 0,
    "lang": "ja",
    "updated": 0
  },
  {
    "id": "f08ea581-e17d-4dbb-980b-db16deae721e",
    "data": [
      {
        "text": "はらだ　しょうこ",
        "meta": "@sys.person",
        "alias": "childfurigana",
        "userDefined": false
      }
    ],
    "isTemplate": false,
    "count": 1,
    "lang": "ja",
    "updated": 0
  },
  {
    "id": "52dcbc21-9d28-43cc-ba5e-fc09a2194c73",
    "data": [
      {
        "text": "たねむら　かずあき",
        "meta": "@sys.person",
        "alias": "childfurigana",
        "userDefined": false
      }
    ],
    "isTemplate": false,
    "count": 0,
    "lang": "ja",
    "updated": 0
  },
  {
    "id": "cc975762-2cef-4d9d-9eb3-fc13d90fc6b3",
    "data": [
      {
        "text": "はらだ　たかふみ",
        "meta": "@sys.person",
        "alias": "childfurigana",
        "userDefined": false
      }
    ],
    "isTemplate": false,
    "count": 0,
    "lang": "ja",
    "updated": 0
  },
  {
    "id": "51d8b10f-7d40-453d-887a-416bae776037",
    "data": [
      {
        "text": "むらい　のりゆき",
        "meta": "@sys.person",
        "alias": "childfurigana",
        "userDefined": false
      }
    ],
    "isTemplate": false,
    "count": 0,
    "lang": "ja",
    "updated": 0
  },
  {
    "id": "dc2a5b06-ba18-42fa-886d-5d4fa8035e99",
    "data": [
      {
        "text": "むとう　あきお",
        "meta": "@sys.person",
        "alias": "childfurigana",
        "userDefined": false
      }
    ],
    "isTemplate": false,
    "count": 0,
    "lang": "ja",
    "updated": 0
  }
]