[
  {
    "id": "68dfe516-2410-4825-9ef8-6c4ef64e7539",
    "data": [
      {
        "text": "mamori@au.com",
        "meta": "@sys.email",
        "alias": "mail",
        "userDefined": true
      }
    ],
    "isTemplate": false,
    "count": 0,
    "lang": "ja",
    "updated": 0
  },
  {
    "id": "fd08682b-4f70-457b-9093-480820f4219b",
    "data": [
      {
        "text": "hogehoge@softbank.ne.jp",
        "meta": "@sys.email",
        "alias": "mail",
        "userDefined": true
      }
    ],
    "isTemplate": false,
    "count": 0,
    "lang": "ja",
    "updated": 0
  },
  {
    "id": "f292292e-46f7-458e-ad2c-891f688d5266",
    "data": [
      {
        "text": "kodomo@yahoo.co.jp",
        "meta": "@sys.email",
        "alias": "mail",
        "userDefined": true
      }
    ],
    "isTemplate": false,
    "count": 0,
    "lang": "ja",
    "updated": 0
  },
  {
    "id": "f3501b3c-3d9b-46dd-a81a-9e7382f8e19b",
    "data": [
      {
        "text": "takizawa@gmail.com",
        "meta": "@sys.email",
        "alias": "mail",
        "userDefined": true
      }
    ],
    "isTemplate": false,
    "count": 0,
    "lang": "ja",
    "updated": 0
  },
  {
    "id": "dc656d22-b3a5-4a1f-b010-301ce6caf93c",
    "data": [
      {
        "text": "kazuki.nagai@bnt.benextgroup.jp",
        "meta": "@sys.email",
        "alias": "mail",
        "userDefined": true
      }
    ],
    "isTemplate": false,
    "count": 0,
    "lang": "ja",
    "updated": 0
  },
  {
    "id": "783906aa-8a93-4958-accb-bbad9016acaf",
    "data": [
      {
        "text": "harapon@docomo.ne.jp",
        "meta": "@sys.email",
        "alias": "mail",
        "userDefined": true
      }
    ],
    "isTemplate": false,
    "count": 0,
    "lang": "ja",
    "updated": 0
  },
  {
    "id": "d6467a2f-fff3-428e-b55f-23e9b33b7e2b",
    "data": [
      {
        "text": "user@example.com",
        "meta": "@sys.email",
        "alias": "mail",
        "userDefined": true
      }
    ],
    "isTemplate": false,
    "count": 0,
    "lang": "ja",
    "updated": 0
  },
  {
    "id": "d327d5ac-042d-409f-b7d2-76965f35dc8e",
    "data": [
      {
        "text": "kokohorewanwan@outlook.jp",
        "meta": "@sys.email",
        "alias": "mail",
        "userDefined": true
      }
    ],
    "isTemplate": false,
    "count": 0,
    "lang": "ja",
    "updated": 0
  },
  {
    "id": "8f19d04a-4bd3-47f8-b5e1-90d85ac0ae57",
    "data": [
      {
        "text": "openuplab2023@gmail.com",
        "meta": "@sys.email",
        "alias": "mail",
        "userDefined": true
      }
    ],
    "isTemplate": false,
    "count": 0,
    "lang": "ja",
    "updated": 0
  }
]