[
  {
    "id": "c936073a-bd4d-4422-aefe-8bd4aff95b36",
    "data": [
      {
        "text": "戻る",
        "userDefined": false
      }
    ],
    "isTemplate": false,
    "count": 0,
    "lang": "ja",
    "updated": 0
  },
  {
    "id": "047e6723-eed2-4980-b4c4-1395c0602c82",
    "data": [
      {
        "text": "１",
        "userDefined": false
      },
      {
        "text": "つ戻る",
        "userDefined": false
      }
    ],
    "isTemplate": false,
    "count": 0,
    "lang": "ja",
    "updated": 0
  }
]