[
  {
    "id": "4b306ed7-bd92-437f-9250-336cc521a318",
    "data": [
      {
        "text": "１",
        "userDefined": false
      },
      {
        "text": "つ戻る",
        "userDefined": false
      }
    ],
    "isTemplate": false,
    "count": 0,
    "lang": "ja",
    "updated": 0
  },
  {
    "id": "c1bbe72b-d85a-4f9f-926b-103b14000f09",
    "data": [
      {
        "text": "前の結果に戻る",
        "userDefined": false
      }
    ],
    "isTemplate": false,
    "count": 0,
    "lang": "ja",
    "updated": 0
  },
  {
    "id": "f86d552f-6725-4ec9-888c-e97a5287f587",
    "data": [
      {
        "text": "戻って",
        "userDefined": false
      }
    ],
    "isTemplate": false,
    "count": 0,
    "lang": "ja",
    "updated": 0
  },
  {
    "id": "51249b30-54a1-4dac-b862-d1cd3756ab2a",
    "data": [
      {
        "text": "前に戻って",
        "userDefined": false
      }
    ],
    "isTemplate": false,
    "count": 0,
    "lang": "ja",
    "updated": 0
  },
  {
    "id": "ee82886b-c16d-4e8a-952c-0e9d85f4bbcd",
    "data": [
      {
        "text": "前の結果を見せて",
        "userDefined": false
      }
    ],
    "isTemplate": false,
    "count": 0,
    "lang": "ja",
    "updated": 0
  },
  {
    "id": "42acf66e-87a2-4019-808f-0997607e9fe8",
    "data": [
      {
        "text": "前の結果",
        "userDefined": false
      }
    ],
    "isTemplate": false,
    "count": 0,
    "lang": "ja",
    "updated": 0
  },
  {
    "id": "0321d2d6-747d-497d-8137-1fea03e833b1",
    "data": [
      {
        "text": "前へ",
        "userDefined": false
      }
    ],
    "isTemplate": false,
    "count": 0,
    "lang": "ja",
    "updated": 0
  },
  {
    "id": "843464a4-28ca-4b00-8115-14e685460b48",
    "data": [
      {
        "text": "前のページに戻って",
        "userDefined": false
      }
    ],
    "isTemplate": false,
    "count": 0,
    "lang": "ja",
    "updated": 0
  },
  {
    "id": "93c4d712-9b8e-47c8-9a99-393e0678061f",
    "data": [
      {
        "text": "前のページ",
        "userDefined": false
      }
    ],
    "isTemplate": false,
    "count": 0,
    "lang": "ja",
    "updated": 0
  },
  {
    "id": "182e5141-4312-453d-a83d-e8e5093b0e31",
    "data": [
      {
        "text": "戻る",
        "userDefined": false
      }
    ],
    "isTemplate": false,
    "count": 0,
    "lang": "ja",
    "updated": 0
  }
]