[
  {
    "id": "7eaf6aa1-9b44-4750-9fad-abe4e6af776e",
    "data": [
      {
        "text": "0326894093",
        "meta": "@sys.phone-number",
        "alias": "tel",
        "userDefined": true
      }
    ],
    "isTemplate": false,
    "count": 0,
    "lang": "ja",
    "updated": 0
  },
  {
    "id": "9621c832-9d06-47d2-9cfe-25fea24307dc",
    "data": [
      {
        "text": "01924324958",
        "meta": "@sys.phone-number",
        "alias": "tel",
        "userDefined": false
      }
    ],
    "isTemplate": false,
    "count": 0,
    "lang": "ja",
    "updated": 0
  },
  {
    "id": "332138bc-5f50-431e-927e-786da0a61a8b",
    "data": [
      {
        "text": "09033214567",
        "meta": "@sys.phone-number",
        "alias": "tel",
        "userDefined": false
      }
    ],
    "isTemplate": false,
    "count": 0,
    "lang": "ja",
    "updated": 0
  },
  {
    "id": "72fe2e16-d3ef-418f-ab02-143f54faea4e",
    "data": [
      {
        "text": "08056784321",
        "meta": "@sys.phone-number",
        "alias": "tel",
        "userDefined": false
      }
    ],
    "isTemplate": false,
    "count": 0,
    "lang": "ja",
    "updated": 0
  },
  {
    "id": "251ebf18-9b45-4a40-8d76-0cb5f35380f4",
    "data": [
      {
        "text": "04512345678",
        "meta": "@sys.phone-number",
        "alias": "tel",
        "userDefined": false
      }
    ],
    "isTemplate": false,
    "count": 0,
    "lang": "ja",
    "updated": 0
  },
  {
    "id": "da3e8c8c-aed1-45db-a7b6-0ecd541e0d5c",
    "data": [
      {
        "text": "0474915784",
        "meta": "@sys.phone-number",
        "alias": "tel",
        "userDefined": false
      }
    ],
    "isTemplate": false,
    "count": 0,
    "lang": "ja",
    "updated": 0
  },
  {
    "id": "7220b3de-09be-4197-92e0-9180882cc2a0",
    "data": [
      {
        "text": "0120808808",
        "meta": "@sys.phone-number",
        "alias": "tel",
        "userDefined": false
      }
    ],
    "isTemplate": false,
    "count": 0,
    "lang": "ja",
    "updated": 0
  },
  {
    "id": "52a394ad-1ce5-4ea9-8fdc-4018965bb11f",
    "data": [
      {
        "text": "07089290743",
        "meta": "@sys.phone-number",
        "alias": "tel",
        "userDefined": false
      }
    ],
    "isTemplate": false,
    "count": 0,
    "lang": "ja",
    "updated": 0
  }
]